Shield Thickness (cm),Detected Radiation
0,1500.0
2,1179.9417915998301
5,823.2174541410398
10,451.7913178683032
15,247.94833233237983
20,136.07692993411877
